1,Merilee,Benois,mbenois0@ow.ly,Female,201.196.221.20
2,Justino,Varley,jvarley1@so-net.ne.jp,Male,146.110.239.101
3,Olive,Birwhistle,obirwhistle2@fda.gov,Female,16.75.116.88
4,Sammy,MacConnell,smacconnell3@newsvine.com,Male,97.237.91.182
5,Lance,Tiffany,ltiffany4@shop-pro.jp,Male,117.77.112.183
6,Thain,Avo,tavo5@tripod.com,Male,116.131.123.174
7,Cathy,Bonnet,cbonnet6@geocities.jp,Female,167.71.106.181
8,Shanna,Omrod,somrod7@hp.com,Female,18.211.106.132
9,Geri,Joysey,gjoysey8@plala.or.jp,Female,53.98.110.188
10,Anna-maria,Somes,asomes9@whitehouse.gov,Female,70.105.53.209
11,Candice,Whitehorn,cwhitehorna@huffingtonpost.com,Female,96.39.156.126
12,Gregorius,Wittey,gwitteyb@pinterest.com,Male,117.204.179.92
13,Chevy,Peachey,cpeacheyc@blogspot.com,Male,118.10.152.172
14,Blake,Cooper,bcooperd@zdnet.com,Female,117.232.59.188
15,Konstantine,Yerbury,kyerburye@phoca.cz,Male,116.136.134.150
16,Brian,Foukx,bfoukxf@blinklist.com,Male,142.207.93.143
17,Jillane,Mogg,jmoggg@multiply.com,Female,187.168.180.186
18,Aguste,Spearing,aspearingh@google.fr,Male,197.14.158.96
19,Ruddie,Limpenny,rlimpennyi@posterous.com,Male,195.94.249.182
20,Jordon,Morant,jmorantj@vinaora.com,Male,223.122.141.184
21,Alvin,Wreath,awreathk@delicious.com,Male,176.60.28.57
22,Jocelin,Shallow,jshallowl@pagesperso-orange.fr,Female,254.180.94.213
23,Dusty,Capey,dcapeym@ucla.edu,Female,25.32.13.105
24,Markos,Finley,mfinleyn@gmpg.org,Male,26.144.98.82
25,Revkah,Nurcombe,rnurcombeo@theguardian.com,Female,30.53.195.229
26,Armstrong,Jiran,ajiranp@google.ru,Male,96.27.140.200
27,Patty,Stapylton,pstapyltonq@moonfruit.com,Female,179.153.78.20
28,Rachel,Center,rcenterr@shinystat.com,Female,112.226.59.239
29,Red,Terrelly,rterrellys@dailymotion.com,Male,135.74.149.247
30,Godfree,Stobbart,gstobbartt@comsenz.com,Male,176.245.89.133
31,Alaster,Noden,anodenu@uiuc.edu,Male,95.115.195.4
32,Hurleigh,Denisevich,hdenisevichv@timesonline.co.uk,Male,57.204.96.19
33,Quillan,Barhems,qbarhemsw@ihg.com,Male,159.174.100.11
34,Hunfredo,Jelkes,hjelkesx@netscape.com,Male,39.169.79.207
35,Alphonse,Bier,abiery@rakuten.co.jp,Male,121.253.148.223
36,Simone,Simper,ssimperz@mozilla.org,Male,92.153.164.215
37,Brannon,Wolfer,bwolfer10@live.com,Male,147.88.78.198
38,Richmound,Martijn,rmartijn11@dmoz.org,Male,52.173.245.245
39,Khalil,Haskett,khaskett12@ask.com,Male,62.139.108.90
40,Ban,Gherardi,bgherardi13@php.net,Male,170.197.1.36
41,Vernen,Knowller,vknowller14@weebly.com,Male,153.161.100.44
42,Borg,Rolance,brolance15@multiply.com,Male,167.141.5.95
43,Biron,Munton,bmunton16@nsw.gov.au,Male,70.124.43.43
44,Jacques,O' Mullan,jomullan17@psu.edu,Male,255.2.79.219
45,Anatole,Aireton,aaireton18@google.pl,Male,0.69.209.110
46,Julita,Zealander,jzealander19@tripod.com,Female,171.25.206.186
47,Muire,Sloss,msloss1a@go.com,Female,166.82.232.61
48,Rip,Leyre,rleyre1b@shutterfly.com,Male,68.28.73.241
49,Chryste,Patemore,cpatemore1c@phpbb.com,Female,3.74.231.137
50,Melisenda,Merrien,mmerrien1d@storify.com,Female,56.96.237.156
51,Arty,Barstock,abarstock1e@t-online.de,Male,72.241.123.254
52,Pandora,Lidgerton,plidgerton1f@va.gov,Female,217.16.38.4
53,Briggs,Porcas,bporcas1g@uiuc.edu,Male,63.161.5.143
54,Werner,Lenden,wlenden1h@oaic.gov.au,Male,53.0.196.41
55,Holden,Mucci,hmucci1i@guardian.co.uk,Male,254.52.236.35
56,Hendrik,Copcott,hcopcott1j@sitemeter.com,Male,31.210.7.19
57,Adrienne,Cooksey,acooksey1k@smugmug.com,Female,96.203.215.118
58,Kelcey,Glen,kglen1l@umich.edu,Female,109.195.33.180
59,Gottfried,Wooton,gwooton1m@themeforest.net,Male,55.73.26.22
60,Ysabel,Empson,yempson1n@behance.net,Female,155.196.242.210
61,Arron,Acreman,aacreman1o@jugem.jp,Male,94.249.178.27
62,Brigitta,O'Cahsedy,bocahsedy1p@tinypic.com,Female,253.89.20.170
63,Lay,Bartels,lbartels1q@de.vu,Male,214.203.148.178
64,Morton,Takkos,mtakkos1r@unc.edu,Male,86.11.253.158
65,Vin,Vautin,vvautin1s@ycombinator.com,Male,193.205.147.49
66,Eugine,Mallows,emallows1t@amazon.com,Female,32.180.132.134
67,Tiertza,Netherwood,tnetherwood1u@nymag.com,Female,200.130.146.17
68,Dom,Dumbrall,ddumbrall1v@issuu.com,Male,131.11.52.110
69,Mala,Tierney,mtierney1w@newyorker.com,Female,188.129.77.239
70,Netta,Mertin,nmertin1x@a8.net,Female,61.72.163.38
71,Henrieta,Bosence,hbosence1y@edublogs.org,Female,246.188.48.143
72,Udell,Kleen,ukleen1z@hugedomains.com,Male,191.182.168.148
73,Idalia,Rubinlicht,irubinlicht20@yandex.ru,Female,178.242.77.136
74,Ches,Earle,cearle21@tripod.com,Male,50.66.3.212
75,Beniamino,Hadlington,bhadlington22@bbb.org,Male,172.13.2.196
76,Clair,Silk,csilk23@lycos.com,Female,115.83.242.183
77,Nessa,Lambeth,nlambeth24@elegantthemes.com,Female,162.111.231.91
78,Wolfy,Pomfrey,wpomfrey25@pen.io,Male,32.134.150.58
79,Bell,Grombridge,bgrombridge26@nhs.uk,Female,156.197.223.48
80,Janeen,Huxster,jhuxster27@wired.com,Female,5.79.97.132
81,Peyton,Blakeway,pblakeway28@joomla.org,Male,87.118.165.121
82,Wilton,Blencoe,wblencoe29@pcworld.com,Male,17.218.35.227
83,Laverna,Gorgen,lgorgen2a@cargocollective.com,Female,177.189.34.143
84,Lynelle,Francesch,lfrancesch2b@chron.com,Female,231.45.52.34
85,Brena,Monson,bmonson2c@pinterest.com,Female,64.34.73.183
86,Morten,Barde,mbarde2d@dell.com,Male,255.94.140.140
87,Wade,Colthard,wcolthard2e@free.fr,Male,190.32.60.164
88,Collin,Hargreave,chargreave2f@smugmug.com,Male,32.218.91.36
89,Aldus,Ottiwill,aottiwill2g@yahoo.com,Male,16.115.104.220
90,Alan,Lippiatt,alippiatt2h@aol.com,Male,204.119.217.136
91,Thain,Duffield,tduffield2i@jimdo.com,Male,210.46.40.119
92,Lew,Ecclesall,lecclesall2j@istockphoto.com,Male,132.10.121.175
93,Wanda,Kimbrey,wkimbrey2k@indiatimes.com,Female,191.23.32.230
94,Morgan,Gillman,mgillman2l@wiley.com,Female,101.144.230.35
95,Fionna,Hardcastle,fhardcastle2m@economist.com,Female,13.6.200.189
96,Milka,Lansley,mlansley2n@bloomberg.com,Female,231.67.222.252
97,Delmar,Van Arsdall,dvanarsdall2o@columbia.edu,Male,99.77.169.242
98,Anastasie,Charopen,acharopen2p@netvibes.com,Female,245.53.99.154
99,Giffard,Findlow,gfindlow2q@nature.com,Male,229.237.35.28
100,Vevay,Mayho,vmayho2r@independent.co.uk,Female,41.187.56.196
101,Frazier,Hazeldean,fhazeldean2s@gmpg.org,Male,199.158.173.30
102,Zeb,Klossek,zklossek2t@va.gov,Male,69.248.65.81
103,Tina,Klimowski,tklimowski2u@google.it,Female,193.68.133.150
104,Tabb,Romayne,tromayne2v@buzzfeed.com,Male,240.225.141.6
105,Gauthier,Grivori,ggrivori2w@weebly.com,Male,88.59.250.156
106,Carrol,Whittle,cwhittle2x@sun.com,Male,62.73.178.187
107,Price,Martin,pmartin2y@aboutads.info,Male,226.4.225.232
108,Bendick,Auletta,bauletta2z@wsj.com,Male,36.212.20.227
109,Joline,Byk,jbyk30@homestead.com,Female,161.128.83.9
110,Elisabet,Dewdney,edewdney31@geocities.jp,Female,190.168.198.23
111,Jewell,Marcinkus,jmarcinkus32@cam.ac.uk,Female,214.50.193.145
112,Netti,Lanmeid,nlanmeid33@opera.com,Female,17.94.234.4
113,Bartolemo,Boustead,bboustead34@miitbeian.gov.cn,Male,52.106.229.101
114,Eden,Wadge,ewadge35@army.mil,Female,152.187.227.156
115,Zahara,Frowd,zfrowd36@posterous.com,Female,239.244.212.83
116,Duky,Buttner,dbuttner37@amazon.com,Male,139.230.251.73
117,Arleta,Kennewell,akennewell38@infoseek.co.jp,Female,150.191.169.38
118,Harlin,Wolstencroft,hwolstencroft39@wiley.com,Male,183.169.93.208
119,Seka,Pimblott,spimblott3a@dot.gov,Female,61.248.214.253
120,Peggie,Winspare,pwinspare3b@ow.ly,Female,221.223.133.79
121,Rosemarie,Foxhall,rfoxhall3c@businesswire.com,Female,146.91.10.149
122,Cece,Comettoi,ccomettoi3d@sakura.ne.jp,Male,217.194.50.163
123,Eduard,Jimes,ejimes3e@deviantart.com,Male,76.15.94.21
124,Lucho,Lowles,llowles3f@nyu.edu,Male,120.151.201.88
125,Enrique,Shales,eshales3g@live.com,Male,28.72.89.31
126,Nicholle,Bartens,nbartens3h@hud.gov,Female,239.43.21.112
127,Flin,Petre,fpetre3i@imdb.com,Male,250.200.224.175
128,Osborne,Hunnable,ohunnable3j@npr.org,Male,217.193.99.123
129,Fina,Pink,fpink3k@squidoo.com,Female,97.24.82.114
130,Codie,Pinchbeck,cpinchbeck3l@lulu.com,Female,41.158.21.107
131,Yoko,MacFadzan,ymacfadzan3m@github.io,Female,234.185.70.171
132,Mikkel,Dinkin,mdinkin3n@google.com.hk,Male,180.113.127.115
133,Sabrina,Warde,swarde3o@usa.gov,Female,107.0.214.213
134,Row,McGrey,rmcgrey3p@google.de,Female,20.14.152.233
135,Caesar,Elsdon,celsdon3q@google.es,Male,50.230.217.139
136,Aurelia,Fansy,afansy3r@wikia.com,Female,61.249.122.38
137,Dru,Camamill,dcamamill3s@nsw.gov.au,Male,211.32.219.244
138,Mervin,Brogini,mbrogini3t@sourceforge.net,Male,85.216.166.117
139,Erna,Acome,eacome3u@mail.ru,Female,79.29.188.194
140,Merle,Gage,mgage3v@economist.com,Female,27.161.33.101
141,Luz,Freed,lfreed3w@samsung.com,Female,15.139.169.107
142,Humberto,Rudiger,hrudiger3x@squarespace.com,Male,135.252.51.164
143,Sol,Glencros,sglencros3y@mozilla.com,Male,173.30.38.48
144,Holt,O'Moylan,homoylan3z@zdnet.com,Male,35.164.89.222
145,Corrine,Aberdeen,caberdeen40@bandcamp.com,Female,40.88.85.23
146,Daven,Skelding,dskelding41@twitpic.com,Male,191.59.138.207
147,Martelle,McCurley,mmccurley42@psu.edu,Female,175.252.206.84
148,Guthry,Kisting,gkisting43@myspace.com,Male,192.118.153.157
149,Christin,Pletts,cpletts44@last.fm,Female,20.10.228.39
150,Gram,Fuller,gfuller45@com.com,Male,61.111.224.203
151,Delmer,Lease,dlease46@nsw.gov.au,Male,161.24.245.106
152,Hazel,Townrow,htownrow47@paypal.com,Male,42.82.216.118
153,Dona,Lees,dlees48@ucoz.ru,Female,240.30.16.230
154,Sheelagh,Doeg,sdoeg49@cocolog-nifty.com,Female,194.148.53.148
155,Rhiamon,Beckensall,rbeckensall4a@vistaprint.com,Female,183.194.86.229
156,Goldie,Du Barry,gdubarry4b@nydailynews.com,Female,186.23.211.29
157,Odille,Leedes,oleedes4c@google.es,Female,161.26.95.130
158,Stevy,Parsand,sparsand4d@mail.ru,Male,147.66.76.236
159,Rebecca,Hammant,rhammant4e@reuters.com,Female,237.247.11.153
160,Ninon,Abrahm,nabrahm4f@ustream.tv,Female,222.216.252.88
161,Bride,Stockow,bstockow4g@economist.com,Female,146.75.127.48
162,Oralla,Rawll,orawll4h@amazon.co.uk,Female,92.182.15.80
163,Huntley,Rabb,hrabb4i@example.com,Male,50.73.174.151
164,Tedra,Harding,tharding4j@geocities.jp,Female,163.218.255.8
165,Tod,Mineghelli,tmineghelli4k@seattletimes.com,Male,120.156.10.179
166,Monah,Braghini,mbraghini4l@latimes.com,Female,0.80.228.62
167,Tatiania,Gonin,tgonin4m@google.ru,Female,206.167.66.117
168,Jessalin,Munehay,jmunehay4n@globo.com,Female,16.185.156.199
169,Beitris,Huburn,bhuburn4o@de.vu,Female,144.199.156.243
170,Joaquin,Poyzer,jpoyzer4p@example.com,Male,177.114.240.64
171,Enrichetta,Smiley,esmiley4q@mayoclinic.com,Female,210.219.172.32
172,Moshe,Lamba,mlamba4r@chronoengine.com,Male,71.181.79.161
173,Lib,Cattlemull,lcattlemull4s@51.la,Female,247.211.199.6
174,Imogene,How,ihow4t@mysql.com,Female,58.156.221.154
175,Casey,Gabbitus,cgabbitus4u@tripadvisor.com,Male,60.171.75.199
176,Meade,Fishleigh,mfishleigh4v@paypal.com,Male,161.188.89.0
177,Sammy,Leonardi,sleonardi4w@hibu.com,Male,126.22.13.78
178,Theo,Denslow,tdenslow4x@mozilla.org,Female,53.1.140.71
179,Fonzie,Hans,fhans4y@dyndns.org,Male,38.17.153.246
180,Camala,Ackrill,cackrill4z@adobe.com,Female,202.169.27.141
181,Daryn,Exell,dexell50@ebay.com,Female,82.117.253.18
182,Brand,Flemming,bflemming51@usatoday.com,Male,230.65.0.169
183,Ariadne,Kilbride,akilbride52@mayoclinic.com,Female,231.94.125.46
184,Nicol,Cressor,ncressor53@cnbc.com,Male,3.16.147.159
185,Simmonds,McCowan,smccowan54@gnu.org,Male,53.21.164.18
186,Shelden,Teaser,steaser55@sun.com,Male,68.200.227.238
187,Carolynn,Nell,cnell56@hc360.com,Female,203.208.197.198
188,Jodie,Mangeon,jmangeon57@mapquest.com,Male,107.184.252.70
189,Arlyn,Danat,adanat58@goodreads.com,Female,111.193.252.189
190,Flori,Dearle-Palser,fdearlepalser59@360.cn,Female,223.222.235.31
191,Brig,Barosch,bbarosch5a@gov.uk,Male,194.172.8.58
192,Abigale,Ravens,aravens5b@devhub.com,Female,187.164.122.52
193,Thibaud,Newing,tnewing5c@multiply.com,Male,183.9.166.252
194,Sophronia,Twede,stwede5d@skyrock.com,Female,101.81.38.221
195,Ashien,De Bell,adebell5e@sina.com.cn,Female,21.163.182.212
196,Malanie,Rickcord,mrickcord5f@smh.com.au,Female,40.95.94.14
197,Dido,Franseco,dfranseco5g@networksolutions.com,Female,28.79.125.57
198,Cloe,Eltun,celtun5h@bluehost.com,Female,209.103.145.2
199,Hermine,Neve,hneve5i@globo.com,Female,255.125.180.115
200,Molly,Kinzett,mkinzett5j@redcross.org,Female,167.248.219.8
201,Bari,Gothup,bgothup5k@altervista.org,Female,112.117.223.96
202,Emlynne,Matteini,ematteini5l@jiathis.com,Female,47.39.25.35
203,Isacco,Corden,icorden5m@etsy.com,Male,164.208.204.61
204,Shaun,Tace,stace5n@hud.gov,Female,208.171.253.95
205,Bjorn,Janczyk,bjanczyk5o@sourceforge.net,Male,103.2.243.19
206,Lucio,Pagelsen,lpagelsen5p@chronoengine.com,Male,27.224.56.208
207,Ekaterina,Percifull,epercifull5q@netscape.com,Female,162.139.186.227
208,Barclay,Nayshe,bnayshe5r@deliciousdays.com,Male,118.112.197.90
209,Lulu,Olivari,lolivari5s@stumbleupon.com,Female,252.118.55.222
210,Mayor,Barcroft,mbarcroft5t@china.com.cn,Male,87.130.233.55
211,Dicky,Perford,dperford5u@cbc.ca,Male,157.172.99.183
212,Darlleen,Helder,dhelder5v@discovery.com,Female,191.141.213.151
213,Rubetta,McFall,rmcfall5w@nytimes.com,Female,4.145.51.61
214,Helenka,Toulch,htoulch5x@angelfire.com,Female,176.53.88.11
215,Estella,Broome,ebroome5y@cloudflare.com,Female,22.159.81.40
216,Dacie,Listone,dlistone5z@sourceforge.net,Female,196.218.204.245
217,Tulley,Barefoot,tbarefoot60@wordpress.com,Male,178.89.203.228
218,Denver,Tipler,dtipler61@moonfruit.com,Male,192.191.149.98
219,Georgie,Lodovichi,glodovichi62@time.com,Female,171.203.129.122
220,Filmer,Panchen,fpanchen63@businessinsider.com,Male,24.114.95.210
221,Blanch,Fairlamb,bfairlamb64@illinois.edu,Female,191.11.207.17
222,Catie,Ornelas,cornelas65@seesaa.net,Female,86.227.175.121
223,Harlan,Chatterton,hchatterton66@unesco.org,Male,13.91.232.117
224,Brett,Tonkinson,btonkinson67@java.com,Female,90.43.90.31
225,Lyndsay,Maxworthy,lmaxworthy68@hugedomains.com,Female,104.85.89.240
226,Annora,Brideaux,abrideaux69@imgur.com,Female,153.123.194.4
227,Keely,Moukes,kmoukes6a@berkeley.edu,Female,93.215.148.76
228,Winn,Detheridge,wdetheridge6b@cnn.com,Male,145.114.154.181
229,Alie,Visco,avisco6c@unesco.org,Female,238.204.97.170
230,Ardeen,Troop,atroop6d@newyorker.com,Female,249.238.223.170
231,Rodrick,Aspinal,raspinal6e@studiopress.com,Male,191.93.208.159
232,Erskine,Farnham,efarnham6f@si.edu,Male,22.230.208.140
233,Letizia,Windous,lwindous6g@nydailynews.com,Female,228.83.86.165
234,Burlie,Boase,bboase6h@cbc.ca,Male,123.110.30.39
235,Georgie,Carillo,gcarillo6i@altervista.org,Male,29.191.196.160
236,Laney,Gorelli,lgorelli6j@netvibes.com,Female,82.172.67.196
237,Fiorenze,Goodhall,fgoodhall6k@cbsnews.com,Female,20.116.171.12
238,Alden,Hamber,ahamber6l@shareasale.com,Male,38.164.135.204
239,Kinny,Jzhakov,kjzhakov6m@upenn.edu,Male,130.198.117.98
240,Gilda,Oakinfold,goakinfold6n@fema.gov,Female,17.49.80.208
241,Alanah,Cantle,acantle6o@ft.com,Female,86.26.66.225
242,Harriett,Bram,hbram6p@technorati.com,Female,38.17.76.135
243,Robin,McDuall,rmcduall6q@hc360.com,Female,234.86.81.198
244,Allix,Illsley,aillsley6r@amazon.co.uk,Female,193.87.75.31
245,Dore,Rabbet,drabbet6s@youku.com,Male,10.124.167.131
246,Agnesse,Caen,acaen6t@howstuffworks.com,Female,96.117.171.169
247,Rafferty,Gravestone,rgravestone6u@slate.com,Male,68.193.231.189
248,Gardy,Oxenham,goxenham6v@go.com,Male,190.0.226.40
249,Danit,Birtwell,dbirtwell6w@ed.gov,Female,201.46.7.105
250,Allen,Ratcliff,aratcliff6x@ca.gov,Male,21.115.216.49
251,Burtie,Hedman,bhedman6y@altervista.org,Male,174.42.116.96
252,Kassi,Mowat,kmowat6z@yahoo.co.jp,Female,39.232.37.184
253,Ninon,Chaucer,nchaucer70@cisco.com,Female,145.236.209.177
254,Kylie,Bayne,kbayne71@theguardian.com,Female,42.228.136.138
255,Tildi,Rubinowitsch,trubinowitsch72@salon.com,Female,235.47.130.165
256,Jaye,Hover,jhover73@mediafire.com,Male,113.121.112.180
257,Forrester,Element,felement74@jugem.jp,Male,178.12.245.7
258,Charlie,Goligly,cgoligly75@twitter.com,Male,180.96.64.166
259,Honor,Yerrall,hyerrall76@uiuc.edu,Female,119.241.145.72
260,Skippie,Forte,sforte77@etsy.com,Male,170.197.237.95
261,Barrett,Leeman,bleeman78@hubpages.com,Male,74.15.208.43
262,Jessi,Menault,jmenault79@uiuc.edu,Female,111.182.241.141
263,Kellia,Mattei,kmattei7a@sogou.com,Female,88.224.156.239
264,Kerr,Cashin,kcashin7b@nydailynews.com,Male,81.155.208.39
265,Godfrey,Carrick,gcarrick7c@sina.com.cn,Male,0.74.172.80
266,Anabelle,Gasgarth,agasgarth7d@amazonaws.com,Female,168.245.135.9
267,Tedd,Betjes,tbetjes7e@privacy.gov.au,Male,252.197.15.68
268,Dyana,Tuley,dtuley7f@nyu.edu,Female,62.244.229.237
269,Jolyn,McConnal,jmcconnal7g@typepad.com,Female,61.160.29.251
270,Reinold,Willicott,rwillicott7h@taobao.com,Male,166.175.58.223
271,Cinderella,Gunny,cgunny7i@ftc.gov,Female,200.67.240.14
272,Alfonso,Tindle,atindle7j@census.gov,Male,135.168.28.115
273,Jackie,Cano,jcano7k@fc2.com,Female,57.110.49.114
274,Selia,Kingh,skingh7l@moonfruit.com,Female,160.211.66.100
275,Celesta,Jeannon,cjeannon7m@youku.com,Female,148.193.117.203
276,Rafaelita,Fazakerley,rfazakerley7n@amazon.co.jp,Female,20.31.244.149
277,Beulah,Burgisi,bburgisi7o@marketwatch.com,Female,100.203.38.113
278,Kilian,Boskell,kboskell7p@tiny.cc,Male,143.151.124.68
279,Franny,Beamish,fbeamish7q@bloomberg.com,Male,144.189.255.194
280,Ardelia,Mattke,amattke7r@vk.com,Female,211.215.168.15
281,Merrick,Dreghorn,mdreghorn7s@cargocollective.com,Male,227.105.62.15
282,Eldon,Applebee,eapplebee7t@example.com,Male,142.134.42.152
283,Malinde,Wennington,mwennington7u@yahoo.co.jp,Female,29.225.236.199
284,Jorey,McDougald,jmcdougald7v@forbes.com,Female,104.92.155.206
285,Verina,Lyon,vlyon7w@businesswire.com,Female,172.52.244.153
286,Isidore,Philo,iphilo7x@mtv.com,Male,30.217.244.46
287,Mame,Dossit,mdossit7y@sciencedaily.com,Female,98.51.82.18
288,Jard,Abelov,jabelov7z@wordpress.org,Male,110.77.88.98
289,Britta,Glazier,bglazier80@nyu.edu,Female,38.108.231.119
290,Elly,Wisdish,ewisdish81@theatlantic.com,Female,198.166.212.159
291,Regan,Copin,rcopin82@yahoo.co.jp,Female,53.139.201.4
292,Vaclav,Tirrell,vtirrell83@pcworld.com,Male,14.130.106.242
293,Reginauld,Strathdee,rstrathdee84@e-recht24.de,Male,153.77.228.197
294,Ange,Kermott,akermott85@mapquest.com,Female,59.102.238.231
295,Karlie,Popelay,kpopelay86@bravesites.com,Female,196.122.191.164
296,Phip,Fleming,pfleming87@amazon.de,Male,53.66.188.205
297,Nariko,Raw,nraw88@cafepress.com,Female,89.224.162.50
298,Torrance,Norkett,tnorkett89@cdbaby.com,Male,132.222.84.227
299,Thelma,D'Hooge,tdhooge8a@merriam-webster.com,Female,180.195.245.8
300,Loy,Childs,lchilds8b@hatena.ne.jp,Male,156.214.5.14
301,Adriane,Streak,astreak8c@livejournal.com,Female,172.194.156.6
302,Jan,Guillot,jguillot8d@parallels.com,Female,163.179.147.238
303,Mikaela,Joysey,mjoysey8e@shareasale.com,Female,162.114.148.8
304,Alleen,Lanceley,alanceley8f@google.de,Female,232.98.61.238
305,Alexia,Cuardall,acuardall8g@e-recht24.de,Female,167.178.70.2
306,Josie,Bosenworth,jbosenworth8h@simplemachines.org,Female,233.189.148.212
307,Galvan,Kenzie,gkenzie8i@blogtalkradio.com,Male,183.163.139.254
308,Randa,Iacobucci,riacobucci8j@uiuc.edu,Female,64.173.150.38
309,Wiley,Moylane,wmoylane8k@imgur.com,Male,66.216.63.255
310,Jessi,Tiler,jtiler8l@economist.com,Female,222.191.126.195
311,Madel,Demanche,mdemanche8m@fc2.com,Female,121.176.246.242
312,Carleton,Allpress,callpress8n@tumblr.com,Male,70.84.8.63
313,Drusilla,Sargood,dsargood8o@gmpg.org,Female,68.53.57.132
314,Tybie,Cristofolini,tcristofolini8p@w3.org,Female,11.182.167.81
315,Cecilia,Faivre,cfaivre8q@barnesandnoble.com,Female,124.114.233.180
316,Amalita,Hingeley,ahingeley8r@furl.net,Female,233.118.145.116
317,Waylon,Bandy,wbandy8s@dailymotion.com,Male,67.82.224.124
318,Donelle,Szymczyk,dszymczyk8t@spiegel.de,Female,168.6.49.234
319,Aylmer,Wegener,awegener8u@narod.ru,Male,179.24.209.16
320,Athene,Orwell,aorwell8v@bloglines.com,Female,253.184.120.80
321,Manolo,Tuminelli,mtuminelli8w@stumbleupon.com,Male,43.162.92.95
322,Lyman,Folca,lfolca8x@tmall.com,Male,213.121.247.164
323,Ardisj,Dalman,adalman8y@soundcloud.com,Female,225.135.77.50
324,Frasquito,Skerritt,fskerritt8z@google.it,Male,17.183.20.210
325,Rey,Bourthoumieux,rbourthoumieux90@msu.edu,Female,162.142.233.243
326,Cherrita,Gudgeon,cgudgeon91@wikia.com,Female,239.156.151.140
327,Dewey,Lyosik,dlyosik92@360.cn,Male,181.10.121.218
328,Hebert,Potte,hpotte93@4shared.com,Male,158.45.104.166
329,Clayton,Apfel,capfel94@cnbc.com,Male,27.195.99.3
330,Lenna,Borzone,lborzone95@biblegateway.com,Female,43.218.231.85
331,Imojean,Loftie,iloftie96@house.gov,Female,91.244.208.190
332,Martha,Roantree,mroantree97@hhs.gov,Female,203.142.175.140
333,Gavra,Fraschetti,gfraschetti98@unblog.fr,Female,251.141.21.86
334,Tammie,Keyzman,tkeyzman99@ucoz.com,Female,155.192.162.89
335,Drusilla,Checchetelli,dchecchetelli9a@ifeng.com,Female,73.164.125.221
336,Britt,Tilio,btilio9b@ft.com,Male,186.60.42.178
337,Matthias,Bloomer,mbloomer9c@mit.edu,Male,118.85.19.132
338,Cesaro,Chapiro,cchapiro9d@answers.com,Male,103.0.210.47
339,Lombard,Nieass,lnieass9e@sun.com,Male,223.4.65.212
340,Haven,Youel,hyouel9f@livejournal.com,Male,112.232.50.233
341,Ashley,Burgin,aburgin9g@craigslist.org,Female,11.109.17.224
342,Talia,Kyberd,tkyberd9h@behance.net,Female,128.23.55.168
343,Antons,Schutt,aschutt9i@foxnews.com,Male,169.233.118.169
344,Toni,Leydon,tleydon9j@youtu.be,Female,15.175.95.102
345,Sena,Mannie,smannie9k@gravatar.com,Female,97.144.21.75
346,Ermin,Gottschalk,egottschalk9l@imgur.com,Male,58.247.88.2
347,Abby,Skinn,askinn9m@msu.edu,Male,72.234.240.236
348,Cobbie,Brouard,cbrouard9n@arstechnica.com,Male,119.79.115.45
349,Sophronia,Pocklington,spocklington9o@census.gov,Female,28.41.76.5
350,Ethelin,Mursell,emursell9p@elegantthemes.com,Female,1.216.219.27
351,Willis,Durdy,wdurdy9q@purevolume.com,Male,232.178.155.42
352,Tanitansy,Webster,twebster9r@ocn.ne.jp,Female,116.159.38.50
353,Leigha,Darwin,ldarwin9s@pbs.org,Female,16.239.122.99
354,Ulysses,Arons,uarons9t@youtu.be,Male,24.61.190.39
355,Amabelle,Gantley,agantley9u@phpbb.com,Female,255.117.218.106
356,Yorgo,Vasquez,yvasquez9v@shutterfly.com,Male,190.28.197.115
357,Ray,Haslam,rhaslam9w@cloudflare.com,Male,158.134.122.110
358,Ninette,Dumpleton,ndumpleton9x@hugedomains.com,Female,20.223.160.54
359,Rufus,Kimm,rkimm9y@naver.com,Male,187.13.240.65
360,Ermin,Pady,epady9z@nps.gov,Male,144.139.73.156
361,Carley,Yitzhakov,cyitzhakova0@weibo.com,Female,15.72.37.72
362,Henrik,Taile,htailea1@businessinsider.com,Male,136.231.190.5
363,Vick,Goodman,vgoodmana2@fotki.com,Male,239.247.116.255
364,Rick,Bromige,rbromigea3@irs.gov,Male,86.58.46.116
365,Drucill,Mapstone,dmapstonea4@berkeley.edu,Female,128.143.253.202
366,Jerad,Mallison,jmallisona5@guardian.co.uk,Male,177.194.115.51
367,Sheppard,Rymill,srymilla6@paginegialle.it,Male,72.209.11.54
368,Kalina,Rennie,krenniea7@github.com,Female,131.225.125.22
369,Corbie,Hexham,chexhama8@flavors.me,Male,202.59.245.221
370,Brier,Goodband,bgoodbanda9@taobao.com,Female,52.122.117.37
371,Frankie,Welsh,fwelshaa@hubpages.com,Male,164.211.222.247
372,Stanislas,Gosalvez,sgosalvezab@youtube.com,Male,235.17.184.3
373,Alyosha,Unstead,aunsteadac@gnu.org,Male,154.103.76.129
374,Albie,Verbeke,averbekead@home.pl,Male,99.79.159.31
375,Dulcinea,Blenkiron,dblenkironae@twitter.com,Female,211.39.0.84
376,Tori,Storm,tstormaf@who.int,Female,168.249.101.179
377,Hedda,Bridger,hbridgerag@webnode.com,Female,82.114.5.203
378,Matthaeus,Stanwix,mstanwixah@microsoft.com,Male,183.26.66.174
379,Jeromy,Gyrgorcewicx,jgyrgorcewicxai@hexun.com,Male,53.209.120.252
380,Ceciley,Tipler,ctipleraj@naver.com,Female,245.64.136.99
381,Hashim,Arnfield,harnfieldak@dailymail.co.uk,Male,119.70.184.29
382,Saunders,Gresty,sgrestyal@51.la,Male,248.86.108.115
383,Kirbee,Downage,kdownageam@newsvine.com,Female,211.143.246.42
384,Lark,Blamphin,lblamphinan@bandcamp.com,Female,60.8.200.162
385,Nickie,Garland,ngarlandao@nifty.com,Female,207.230.94.149
386,Ingmar,Repper,irepperap@blinklist.com,Male,170.101.124.140
387,Jourdain,Bareford,jbarefordaq@surveymonkey.com,Male,15.116.209.0
388,Drucie,Hawkswood,dhawkswoodar@ibm.com,Female,143.24.26.106
389,Efren,Nickols,enickolsas@freewebs.com,Male,89.81.245.48
390,Hildagarde,Adair,hadairat@spiegel.de,Female,203.235.94.209
391,Vevay,Folbigg,vfolbiggau@newyorker.com,Female,81.29.78.59
392,Erin,Thurman,ethurmanav@nymag.com,Female,206.141.189.143
393,Kip,Woolland,kwoollandaw@livejournal.com,Female,25.137.140.253
394,Antonetta,Bowles,abowlesax@privacy.gov.au,Female,42.35.137.151
395,Clair,Lowers,clowersay@google.it,Male,211.45.51.150
396,Lindie,Emmens,lemmensaz@mozilla.org,Female,223.51.39.166
397,Samuel,Attwoul,sattwoulb0@bloglovin.com,Male,188.29.30.122
398,Sherm,Basford,sbasfordb1@amazonaws.com,Male,154.218.237.29
399,Illa,Nanelli,inanellib2@pagesperso-orange.fr,Female,64.2.159.66
400,Fan,Peat,fpeatb3@alibaba.com,Female,25.157.140.95
401,Dru,Gayforth,dgayforthb4@techcrunch.com,Male,156.171.10.2
402,Ranna,Olligan,rolliganb5@walmart.com,Female,22.218.10.177
403,Pincas,Wooding,pwoodingb6@hibu.com,Male,171.77.200.214
404,Trumann,Yousef,tyousefb7@xrea.com,Male,143.180.128.169
405,Chane,Lamborn,clambornb8@hc360.com,Male,200.248.168.161
406,Tommy,Shakspeare,tshakspeareb9@vimeo.com,Male,215.243.0.103
407,Neal,Garett,ngarettba@huffingtonpost.com,Male,214.209.1.147
408,Luella,Marjoram,lmarjorambb@ca.gov,Female,26.63.101.175
409,Alanah,Gwyer,agwyerbc@github.com,Female,74.178.9.77
410,Baldwin,Craise,bcraisebd@163.com,Male,155.189.105.208
411,Janella,Marriot,jmarriotbe@elpais.com,Female,212.88.214.73
412,Carla,Crebbin,ccrebbinbf@ycombinator.com,Female,231.137.215.70
413,Henry,Buttfield,hbuttfieldbg@domainmarket.com,Male,129.46.5.158
414,Verene,Matias,vmatiasbh@pagesperso-orange.fr,Female,1.221.190.128
415,Jeanette,Ianno,jiannobi@delicious.com,Female,96.202.146.170
416,May,Gunton,mguntonbj@microsoft.com,Female,157.89.58.197
417,Christoffer,McLorinan,cmclorinanbk@scientificamerican.com,Male,143.217.137.226
418,Sonja,Mayell,smayellbl@cmu.edu,Female,110.211.143.10
419,Katerine,St Clair,kstclairbm@bluehost.com,Female,101.75.101.45
420,Georgette,Winchurch,gwinchurchbn@w3.org,Female,27.70.41.139
421,Buck,Hatzar,bhatzarbo@archive.org,Male,31.158.172.95
422,Britta,Seyffert,bseyffertbp@dagondesign.com,Female,219.242.54.93
423,Dorine,Bigrigg,dbigriggbq@google.com.hk,Female,207.236.145.66
424,Moshe,Weekes,mweekesbr@friendfeed.com,Male,140.185.21.196
425,Nelia,Kennelly,nkennellybs@imdb.com,Female,6.87.132.146
426,Pennie,Minshull,pminshullbt@t-online.de,Female,103.83.90.217
427,Gerard,Barbera,gbarberabu@istockphoto.com,Male,146.89.167.38
428,Georgeanna,Cramond,gcramondbv@barnesandnoble.com,Female,142.119.128.13
429,Joella,Hauxwell,jhauxwellbw@newsvine.com,Female,66.12.99.38
430,Odilia,Cromley,ocromleybx@yandex.ru,Female,193.97.108.192
431,Fernando,Jobern,fjobernby@myspace.com,Male,113.214.29.228
432,Bo,Barrasse,bbarrassebz@ebay.com,Male,255.128.185.10
433,Kellby,Grimsley,kgrimsleyc0@wunderground.com,Male,188.128.113.118
434,Arther,Pach,apachc1@wufoo.com,Male,80.39.137.209
435,Geordie,Hendonson,ghendonsonc2@reference.com,Male,233.81.10.228
436,Dedra,Mabbe,dmabbec3@ebay.co.uk,Female,216.1.86.30
437,Billi,Sunners,bsunnersc4@goo.gl,Female,101.25.229.97
438,Elyn,Caspell,ecaspellc5@howstuffworks.com,Female,233.53.163.187
439,Leonora,Troop,ltroopc6@exblog.jp,Female,197.30.143.210
440,Nyssa,Shale,nshalec7@state.gov,Female,8.1.167.183
441,Torrin,Gheorghie,tgheorghiec8@samsung.com,Male,238.36.53.42
442,Egon,Stebles,esteblesc9@ucla.edu,Male,162.23.36.240
443,Dorice,Icom,dicomca@unesco.org,Female,64.249.211.79
444,Huntlee,Coleson,hcolesoncb@over-blog.com,Male,252.84.231.49
445,Rolf,Conry,rconrycc@comcast.net,Male,26.176.197.210
446,Manuel,Pol,mpolcd@answers.com,Male,252.46.180.146
447,Arlana,Beddingham,abeddinghamce@1und1.de,Female,72.31.126.184
448,Rurik,Holcroft,rholcroftcf@washingtonpost.com,Male,213.48.97.138
449,Antony,Antoniou,aantonioucg@tiny.cc,Male,146.26.121.103
450,Jaquelyn,Crottagh,jcrottaghch@shareasale.com,Female,150.65.135.38
451,Andrea,Dilston,adilstonci@cornell.edu,Female,43.195.127.94
452,Inness,Athowe,iathowecj@clickbank.net,Male,103.104.185.119
453,Emile,Pegler,epeglerck@npr.org,Male,172.134.93.86
454,Lacy,Pettwood,lpettwoodcl@usgs.gov,Female,148.121.88.119
455,Arin,Tollerfield,atollerfieldcm@a8.net,Male,189.14.70.87
456,Annette,Baskerfield,abaskerfieldcn@upenn.edu,Female,245.24.155.10
457,Cassandra,Spriggs,cspriggsco@state.tx.us,Female,83.118.32.72
458,Albrecht,Gaskin,agaskincp@twitter.com,Male,224.165.185.93
459,Durand,Canet,dcanetcq@google.co.jp,Male,30.76.191.150
460,Salomo,Willavoys,swillavoyscr@home.pl,Male,152.184.237.191
461,Gwenore,Witherspoon,gwitherspooncs@creativecommons.org,Female,202.13.143.226
462,Dot,Schleswig-Holstein,dschleswigholsteinct@zdnet.com,Female,10.183.74.252
463,Ailee,Kollach,akollachcu@soundcloud.com,Female,179.202.117.169
464,Owen,Brideau,obrideaucv@berkeley.edu,Male,152.97.232.56
465,Ancell,Goscomb,agoscombcw@goodreads.com,Male,163.182.189.249
466,Paddy,Bush,pbushcx@engadget.com,Male,102.88.166.67
467,Izaak,MacAlinden,imacalindency@pcworld.com,Male,214.93.167.199
468,Donalt,Kleinerman,dkleinermancz@samsung.com,Male,161.167.205.145
469,Cassius,Eilhermann,ceilhermannd0@howstuffworks.com,Male,72.239.234.50
470,Gianna,Kennady,gkennadyd1@nih.gov,Female,237.23.134.230
471,Clarisse,Espinha,cespinhad2@cpanel.net,Female,37.225.7.165
472,Lainey,Greenlees,lgreenleesd3@tripadvisor.com,Female,60.185.117.77
473,Maryjane,Cella,mcellad4@taobao.com,Female,41.179.110.73
474,Kinsley,Masserel,kmassereld5@e-recht24.de,Male,65.178.18.13
475,Gabbi,Lockless,glocklessd6@hostgator.com,Female,51.190.177.25
476,Fayre,Michelle,fmichelled7@newsvine.com,Female,156.251.196.244
477,Cyril,Tudor,ctudord8@sakura.ne.jp,Male,150.58.213.173
478,Cris,Fishlock,cfishlockd9@blogger.com,Female,186.23.123.114
479,Tedra,Byfield,tbyfieldda@xrea.com,Female,232.229.105.101
480,Corrine,Cockcroft,ccockcroftdb@yale.edu,Female,106.116.251.113
481,Roselle,Hirche,rhirchedc@squidoo.com,Female,181.184.191.254
482,Keith,Keith,kkeithdd@lycos.com,Male,165.225.218.122
483,Lazaro,Sharp,lsharpde@over-blog.com,Male,50.100.40.220
484,Fayre,Sowrah,fsowrahdf@wikipedia.org,Female,163.106.66.24
485,Ilka,Labrow,ilabrowdg@washingtonpost.com,Female,76.185.159.44
486,Tucker,Kenshole,tkensholedh@123-reg.co.uk,Male,48.201.244.29
487,Linnet,Gunstone,lgunstonedi@booking.com,Female,89.197.152.78
488,Matty,Bernaciak,mbernaciakdj@blogger.com,Male,254.154.129.183
489,Kellsie,Ovendale,kovendaledk@si.edu,Female,153.216.128.235
490,Davita,Sayce,dsaycedl@arizona.edu,Female,89.192.201.191
491,Valencia,Durrad,vdurraddm@stumbleupon.com,Female,85.193.193.104
492,Christabel,Izakof,cizakofdn@flickr.com,Female,199.188.129.21
493,Lennard,Gavozzi,lgavozzido@chronoengine.com,Male,128.140.152.155
494,Paulita,Devas,pdevasdp@jiathis.com,Female,25.23.121.152
495,Quent,Shoebrook,qshoebrookdq@archive.org,Male,27.4.248.68
496,Kevan,Dando,kdandodr@imageshack.us,Male,15.156.235.64
497,Caye,Mapother,cmapotherds@ehow.com,Female,145.202.125.86
498,Roosevelt,Kingston,rkingstondt@usgs.gov,Male,110.66.222.110
499,Alvera,Sapauton,asapautondu@timesonline.co.uk,Female,200.154.122.53
500,Birk,Mintram,bmintramdv@icq.com,Male,71.6.102.147
501,Sonnnie,Critch,scritchdw@reuters.com,Female,192.193.13.49
502,Fayette,Saddington,fsaddingtondx@biglobe.ne.jp,Female,213.214.121.232
503,Olga,Ing,oingdy@networkadvertising.org,Female,219.226.133.174
504,Corissa,Middlewick,cmiddlewickdz@e-recht24.de,Female,23.144.111.15
505,Jolynn,Beckhouse,jbeckhousee0@fda.gov,Female,64.9.63.98
506,Jerad,Eakle,jeaklee1@bloglovin.com,Male,153.84.254.127
507,Lincoln,Shelmerdine,lshelmerdinee2@wikipedia.org,Male,65.17.161.150
508,Arlette,Duffil,aduffile3@cafepress.com,Female,164.178.177.103
509,Lani,Angrick,langricke4@free.fr,Female,3.8.217.238
510,Niccolo,Bamsey,nbamseye5@ox.ac.uk,Male,189.161.42.104
511,Charita,Tasker,ctaskere6@usgs.gov,Female,121.253.108.84
512,Malcolm,Dicke,mdickee7@yale.edu,Male,119.146.9.9
513,Liliane,Ten Broek,ltenbroeke8@blogtalkradio.com,Female,89.238.3.116
514,Isaak,Sabbatier,isabbatiere9@163.com,Male,105.184.181.124
515,Viki,Antognozzii,vantognozziiea@weebly.com,Female,42.82.64.24
516,Jeralee,Vaughan-Hughes,jvaughanhugheseb@vinaora.com,Female,31.48.236.105
517,Baldwin,Curless,bcurlessec@wsj.com,Male,51.175.169.201
518,Cal,Kettles,ckettlesed@wix.com,Male,38.120.110.7
519,Sondra,Page,spageee@sciencedirect.com,Female,29.64.78.10
520,Christoforo,Allridge,callridgeef@indiatimes.com,Male,156.237.102.234
521,Nerita,Allbut,nallbuteg@vinaora.com,Female,16.80.70.134
522,Berni,Oxenbury,boxenburyeh@foxnews.com,Female,9.30.198.154
523,Beltran,Kitchinham,bkitchinhamei@go.com,Male,60.217.217.37
524,Ely,Challiss,echallissej@comcast.net,Male,130.222.219.160
525,Frederico,Giuroni,fgiuroniek@paypal.com,Male,139.66.154.173
526,Harmonie,Luetkemeyer,hluetkemeyerel@i2i.jp,Female,199.84.215.247
527,Kylila,Currington,kcurringtonem@surveymonkey.com,Female,234.184.131.219
528,Jourdain,Dumbarton,jdumbartonen@washingtonpost.com,Male,71.43.67.206
529,Catarina,Cordier,ccordiereo@pen.io,Female,231.33.70.52
530,Kevan,McReath,kmcreathep@meetup.com,Male,201.186.149.45
531,Doretta,Dring,ddringeq@about.com,Female,81.192.46.145
532,Kit,Monahan,kmonahaner@yale.edu,Female,208.209.12.155
533,Dilan,Dumberell,ddumberelles@cdc.gov,Male,136.248.238.133
534,Lilli,Scorthorne,lscorthorneet@umn.edu,Female,84.32.64.43
535,Mycah,Browett,mbrowetteu@columbia.edu,Male,123.51.45.122
536,Doralin,Lightoller,dlightollerev@shinystat.com,Female,26.122.186.183
537,Maurita,Celloni,mcelloniew@redcross.org,Female,98.188.23.162
538,Martie,Labuschagne,mlabuschagneex@amazon.co.jp,Male,187.2.61.112
539,Patty,Porteous,pporteousey@moonfruit.com,Female,126.2.67.169
540,Cristiano,Bisacre,cbisacreez@usatoday.com,Male,162.95.41.153
541,Linea,Moehle,lmoehlef0@apache.org,Female,75.255.26.64
542,Gary,Pantry,gpantryf1@archive.org,Male,79.156.93.78
543,Mandy,Pagnin,mpagninf2@chicagotribune.com,Female,224.10.115.135
544,Ely,Carayol,ecarayolf3@npr.org,Male,25.154.253.143
545,Libbey,McKevin,lmckevinf4@dedecms.com,Female,233.186.154.198
546,Joel,Shirrell,jshirrellf5@forbes.com,Male,83.41.138.88
547,Matty,Strover,mstroverf6@yandex.ru,Female,26.76.215.58
548,Rudie,Trass,rtrassf7@theglobeandmail.com,Male,6.224.171.186
549,Glyn,Synnot,gsynnotf8@webnode.com,Male,110.44.135.246
550,Faustina,Dalby,fdalbyf9@constantcontact.com,Female,142.20.240.40
551,Rafferty,Oglesbee,roglesbeefa@paginegialle.it,Male,58.152.201.196
552,Mahmud,Buxcy,mbuxcyfb@51.la,Male,36.97.192.73
553,Ada,Di Franceschi,adifranceschifc@europa.eu,Female,142.224.246.218
554,Sioux,Rudgard,srudgardfd@ca.gov,Female,49.208.167.66
555,Eileen,McGrory,emcgroryfe@ca.gov,Female,17.166.12.135
556,Pepillo,Lindholm,plindholmff@pbs.org,Male,111.130.83.134
557,Johnna,Haddy,jhaddyfg@sbwire.com,Female,226.172.192.87
558,Saraann,Rayer,srayerfh@apple.com,Female,53.17.175.122
559,Anderson,Petrillo,apetrillofi@mtv.com,Male,207.27.22.166
560,Tiphany,O'Noulane,tonoulanefj@ucoz.com,Female,17.239.65.16
561,Ruthe,Petrak,rpetrakfk@cbslocal.com,Female,113.222.195.151
562,George,Lobe,globefl@uol.com.br,Male,110.245.55.224
563,Chickie,Peeters,cpeetersfm@purevolume.com,Female,79.160.95.247
564,Lory,Cruddace,lcruddacefn@engadget.com,Female,187.198.54.48
565,Ker,Faughny,kfaughnyfo@slashdot.org,Male,12.179.202.137
566,Hieronymus,Jannings,hjanningsfp@4shared.com,Male,235.114.65.124
567,Cornelia,Greggor,cgreggorfq@weibo.com,Female,0.15.118.84
568,Giavani,Siburn,gsiburnfr@seesaa.net,Male,213.108.46.239
569,Teddie,Lippatt,tlippattfs@nature.com,Male,201.7.120.51
570,Janina,Knowlden,jknowldenft@nyu.edu,Female,11.17.110.241
571,Giacinta,Price,gpricefu@ameblo.jp,Female,166.88.34.253
572,Grace,Tuppeny,gtuppenyfv@ow.ly,Female,9.215.141.155
573,Wheeler,Meegin,wmeeginfw@slate.com,Male,220.118.93.112
574,Ayn,Peer,apeerfx@furl.net,Female,129.181.10.81
575,Pepi,Quirk,pquirkfy@infoseek.co.jp,Female,177.176.168.94
576,Timothea,Zanardii,tzanardiifz@cnet.com,Female,120.89.163.50
577,Gregory,Kilborn,gkilborng0@wsj.com,Male,169.4.197.39
578,Ganny,Roles,grolesg1@google.es,Male,183.112.158.72
579,Reeta,Kenwrick,rkenwrickg2@google.pl,Female,115.73.57.216
580,Reeta,Fritschel,rfritschelg3@people.com.cn,Female,137.133.180.40
581,Tony,Phette,tphetteg4@chicagotribune.com,Male,247.170.162.33
582,Web,Lars,wlarsg5@multiply.com,Male,129.104.220.21
583,Catlee,Isacoff,cisacoffg6@slideshare.net,Female,144.56.250.210
584,Gladys,Griss,ggrissg7@umich.edu,Female,38.72.98.58
585,Kaleena,Stert,kstertg8@sbwire.com,Female,211.68.120.199
586,Kev,McBayne,kmcbayneg9@over-blog.com,Male,240.230.1.38
587,Waldon,Gillaspy,wgillaspyga@imageshack.us,Male,245.65.99.148
588,Johna,Gamage,jgamagegb@bluehost.com,Female,218.77.224.24
589,Elianore,Doyley,edoyleygc@ehow.com,Female,106.124.23.25
590,Dominica,de Villier,ddevilliergd@apple.com,Female,54.109.190.112
591,Alford,Guise,aguisege@dmoz.org,Male,78.100.56.237
592,Cristina,Loving,clovinggf@amazon.co.jp,Female,189.177.128.28
593,Mycah,Oakton,moaktongg@timesonline.co.uk,Male,83.173.163.1
594,Mag,Becker,mbeckergh@live.com,Female,166.144.235.156
595,Vita,Nason,vnasongi@japanpost.jp,Female,65.43.80.171
596,Lawrence,Goad,lgoadgj@hp.com,Male,168.42.181.231
597,Oralee,Melpuss,omelpussgk@google.com,Female,118.201.89.223
598,Julian,Corser,jcorsergl@tripadvisor.com,Male,72.94.207.185
599,Rodi,Mumberson,rmumbersongm@theglobeandmail.com,Female,132.43.48.87
600,Gipsy,Massimo,gmassimogn@bigcartel.com,Female,88.236.172.147
601,Pierson,Reed,preedgo@berkeley.edu,Male,235.102.77.218
602,Jordon,Silcocks,jsilcocksgp@simplemachines.org,Male,112.68.13.79
603,Dianemarie,Ginner,dginnergq@nsw.gov.au,Female,161.103.246.172
604,Mariann,Windress,mwindressgr@alexa.com,Female,23.115.161.179
605,Gray,Spofforth,gspofforthgs@freewebs.com,Male,26.83.123.63
606,Sidoney,Mapstone,smapstonegt@example.com,Female,252.240.32.242
607,Karon,Antonovic,kantonovicgu@ow.ly,Female,66.110.25.221
608,Webster,Childers,wchildersgv@omniture.com,Male,175.156.191.164
609,Egbert,Geraudy,egeraudygw@delicious.com,Male,216.125.132.84
610,Shepherd,Haydn,shaydngx@chicagotribune.com,Male,47.195.247.187
611,Dede,Tittershill,dtittershillgy@youtube.com,Female,24.235.134.128
612,Booth,Frascone,bfrasconegz@cmu.edu,Male,252.197.78.232
613,Karel,Gonthier,kgonthierh0@cargocollective.com,Male,132.90.242.10
614,Josepha,Gagen,jgagenh1@independent.co.uk,Female,74.156.0.255
615,Wanids,Guys,wguysh2@bloglovin.com,Female,102.122.119.81
616,Shae,Disbury,sdisburyh3@meetup.com,Female,206.21.232.122
617,Venita,Odhams,vodhamsh4@answers.com,Female,9.118.221.54
618,Lilla,Nutt,lnutth5@ovh.net,Female,189.110.230.182
619,Orsola,McKeurton,omckeurtonh6@vistaprint.com,Female,243.196.60.230
620,Dicky,Clampton,dclamptonh7@bandcamp.com,Male,133.106.246.228
621,Ronnie,Medeway,rmedewayh8@lycos.com,Female,120.130.221.54
622,Brandtr,Keeton,bkeetonh9@is.gd,Male,203.11.183.84
623,Karina,Scrannage,kscrannageha@state.gov,Female,2.84.165.183
624,Rebecca,Baughen,rbaughenhb@discuz.net,Female,132.74.23.143
625,Shelley,Boon,sboonhc@jiathis.com,Female,15.151.248.18
626,Carling,Scrace,cscracehd@ted.com,Male,117.50.29.170
627,Orsola,Dagger,odaggerhe@e-recht24.de,Female,149.220.111.216
628,Annnora,Sponder,asponderhf@alexa.com,Female,161.198.8.93
629,Pearle,Busk,pbuskhg@time.com,Female,152.158.214.165
630,Sarge,Theobald,stheobaldhh@devhub.com,Male,22.58.124.202
631,Yancey,Lamplugh,ylamplughhi@marriott.com,Male,46.98.15.240
632,Seline,Levick,slevickhj@flickr.com,Female,210.14.201.5
633,Adelheid,Danels,adanelshk@virginia.edu,Female,131.239.107.65
634,Ellis,Mechan,emechanhl@utexas.edu,Male,217.102.185.184
635,Hephzibah,Stodit,hstodithm@si.edu,Female,236.37.231.4
636,Ellette,Haig,ehaighn@clickbank.net,Female,144.216.0.5
637,Ebeneser,Church,echurchho@devhub.com,Male,96.52.30.50
638,Garek,Djakovic,gdjakovichp@cmu.edu,Male,120.26.27.29
639,Zenia,Congram,zcongramhq@businesswire.com,Female,151.246.20.201
640,Larry,Ketchell,lketchellhr@blinklist.com,Male,200.72.144.42
641,Juliana,Fortin,jfortinhs@netscape.com,Female,164.251.118.206
642,Clare,Couzens,ccouzensht@blogtalkradio.com,Female,227.6.30.111
643,Cari,Lumbly,clumblyhu@blogspot.com,Female,10.243.226.21
644,Udall,Crosskill,ucrosskillhv@buzzfeed.com,Male,235.140.178.71
645,Willis,Oxtarby,woxtarbyhw@amazon.co.jp,Male,154.235.212.214
646,Laetitia,Dunnet,ldunnethx@networkadvertising.org,Female,192.68.49.151
647,Leanna,Kincade,lkincadehy@shareasale.com,Female,209.112.91.234
648,Syd,Strutton,sstruttonhz@usatoday.com,Male,78.125.210.90
649,Maryrose,Baudy,mbaudyi0@answers.com,Female,61.132.4.243
650,Fitzgerald,Arminger,farmingeri1@163.com,Male,215.22.15.126
651,Joly,Probat,jprobati2@tripod.com,Female,142.43.24.97
652,Valry,O'Nowlan,vonowlani3@vimeo.com,Female,172.214.225.43
653,Jordana,Cordey,jcordeyi4@whitehouse.gov,Female,21.120.190.119
654,Adair,Ogers,aogersi5@businessinsider.com,Male,137.216.136.46
655,Sinclair,Dacres,sdacresi6@va.gov,Male,138.156.197.219
656,Babette,Beastall,bbeastalli7@gmpg.org,Female,22.183.75.92
657,Ami,Ballantyne,aballantynei8@printfriendly.com,Female,183.215.90.34
658,Mandel,Graffin,mgraffini9@ning.com,Male,24.232.103.166
659,Pate,Lenton,plentonia@paypal.com,Male,165.156.47.244
660,Dietrich,Twell,dtwellib@wikia.com,Male,163.248.31.236
661,Fionna,Friedenbach,ffriedenbachic@rakuten.co.jp,Female,134.86.55.110
662,Taber,Legier,tlegierid@hao123.com,Male,30.62.188.140
663,Cloe,Gaul,cgaulie@dagondesign.com,Female,29.235.231.137
664,Dulce,Adel,dadelif@ft.com,Female,61.35.94.171
665,Tildie,Surcombe,tsurcombeig@over-blog.com,Female,244.10.60.18
666,Greta,Bray,gbrayih@naver.com,Female,131.118.63.240
667,Janith,Mandre,jmandreii@ning.com,Female,192.78.163.59
668,Mirelle,Champ,mchampij@php.net,Female,27.101.204.233
669,Gavan,Quinney,gquinneyik@sourceforge.net,Male,179.15.28.55
670,Justinian,Teasell,jteasellil@nba.com,Male,21.90.170.50
671,Noelle,Horwell,nhorwellim@fc2.com,Female,9.212.113.1
672,Sigismondo,Korn,skornin@fotki.com,Male,104.209.64.199
673,Avrom,Szymonowicz,aszymonowiczio@friendfeed.com,Male,142.118.218.254
674,Monroe,Dayne,mdayneip@bandcamp.com,Male,140.156.31.237
675,Georg,Tilte,gtilteiq@eepurl.com,Male,231.74.206.207
676,Leia,Callicott,lcallicottir@technorati.com,Female,139.96.102.172
677,Goldie,Keyes,gkeyesis@cpanel.net,Female,217.177.247.236
678,Kermit,Pizzey,kpizzeyit@google.nl,Male,53.41.193.147
679,Tish,Rosier,trosieriu@hud.gov,Female,201.32.18.62
680,Daniella,Blackbourn,dblackbourniv@ibm.com,Female,240.144.6.117
681,Rozanne,Farquar,rfarquariw@jigsy.com,Female,150.106.80.185
682,Towny,Rushbury,trushburyix@oakley.com,Male,94.136.137.185
683,Farlee,McTurk,fmcturkiy@twitpic.com,Male,229.168.244.125
684,Jayme,Manhare,jmanhareiz@tripadvisor.com,Female,87.189.180.30
685,Falkner,Sprigin,fspriginj0@newsvine.com,Male,246.119.220.255
686,Jeralee,Berkowitz,jberkowitzj1@irs.gov,Female,126.74.161.26
687,Markus,Dolton,mdoltonj2@123-reg.co.uk,Male,168.132.168.0
688,Jerrine,Batalle,jbatallej3@shareasale.com,Female,36.74.252.63
689,Eleonore,Granleese,egranleesej4@stanford.edu,Female,219.42.135.159
690,Berny,Casaletto,bcasalettoj5@live.com,Male,27.104.122.145
691,Britteny,Feyer,bfeyerj6@goo.gl,Female,92.100.93.118
692,Drucy,Thames,dthamesj7@bbc.co.uk,Female,212.241.66.62
693,Monti,Raynton,mrayntonj8@nih.gov,Male,105.59.203.23
694,Rufe,Unitt,runittj9@nature.com,Male,73.169.234.210
695,Ashien,Butrimovich,abutrimovichja@acquirethisname.com,Female,142.152.139.72
696,Margarette,Wessell,mwesselljb@ocn.ne.jp,Female,39.57.192.47
697,Maynord,Duddy,mduddyjc@ox.ac.uk,Male,108.38.216.215
698,Krisha,McCormack,kmccormackjd@webs.com,Male,64.94.237.249
699,Berky,Hestrop,bhestropje@statcounter.com,Male,232.236.175.65
700,Mame,Simkovitz,msimkovitzjf@illinois.edu,Female,194.98.82.190
701,Larissa,Janecek,ljanecekjg@weebly.com,Female,227.239.91.59
702,Merrile,Doley,mdoleyjh@utexas.edu,Female,253.187.25.191
703,Trueman,Furst,tfurstji@cornell.edu,Male,126.162.130.234
704,Yvon,Brinsden,ybrinsdenjj@nationalgeographic.com,Male,85.119.15.157
705,Thacher,Burberye,tburberyejk@bandcamp.com,Male,37.16.85.78
706,Alistair,MacCaughey,amaccaugheyjl@seattletimes.com,Male,30.243.9.96
707,Carole,Dale,cdalejm@ucoz.com,Female,57.246.135.192
708,Netti,Moon,nmoonjn@yellowpages.com,Female,166.243.251.42
709,Felecia,Stonham,fstonhamjo@ustream.tv,Female,252.241.46.41
710,Antons,Kelk,akelkjp@hubpages.com,Male,49.46.16.11
711,Timmi,Lezemore,tlezemorejq@hhs.gov,Female,115.216.53.215
712,Lenette,Drohun,ldrohunjr@dell.com,Female,67.159.32.136
713,Veronike,Phillis,vphillisjs@businessweek.com,Female,231.211.125.121
714,Cam,Gonsalvez,cgonsalvezjt@fc2.com,Male,5.90.65.187
715,Alley,Louys,alouysju@walmart.com,Male,200.230.144.52
716,Janeta,Meltetal,jmeltetaljv@prnewswire.com,Female,0.210.89.33
717,Garth,Maytom,gmaytomjw@nba.com,Male,20.198.254.109
718,Merell,Broose,mbroosejx@furl.net,Male,30.164.227.139
719,Kasper,Rable,krablejy@answers.com,Male,126.4.10.75
720,Genny,Blumfield,gblumfieldjz@photobucket.com,Female,143.121.112.14
721,Monro,Harvett,mharvettk0@admin.ch,Male,189.4.241.147
722,Cecelia,Caps,ccapsk1@ow.ly,Female,240.146.208.111
723,Jeanelle,Boldecke,jboldeckek2@friendfeed.com,Female,128.54.57.33
724,Jedediah,Kingerby,jkingerbyk3@sakura.ne.jp,Male,187.101.131.151
725,Michale,Seivwright,mseivwrightk4@vk.com,Male,158.181.65.220
726,Ezmeralda,Craster,ecrasterk5@so-net.ne.jp,Female,114.78.242.9
727,Emmy,Gregoraci,egregoracik6@hexun.com,Male,101.144.243.199
728,Catriona,Wyche,cwychek7@goo.gl,Female,251.247.98.88
729,Angelina,Niblo,aniblok8@disqus.com,Female,207.192.22.201
730,Cherye,Doore,cdoorek9@zdnet.com,Female,231.127.136.65
731,Tuesday,McGuirk,tmcguirkka@cafepress.com,Female,108.230.253.213
732,Broderick,Mertsching,bmertschingkb@4shared.com,Male,6.50.129.203
733,Stacy,Keyzman,skeyzmankc@ted.com,Male,23.92.138.5
734,Tobi,Davidsson,tdavidssonkd@constantcontact.com,Female,91.109.22.16
735,Leonid,Caldera,lcalderake@tmall.com,Male,115.8.23.39
736,Marietta,Tinmouth,mtinmouthkf@a8.net,Female,11.52.8.111
737,Anthiathia,Greenshields,agreenshieldskg@vk.com,Female,155.213.197.252
738,Gabey,Pinkney,gpinkneykh@apple.com,Female,135.52.158.58
739,Damara,Brixham,dbrixhamki@webs.com,Female,45.119.157.146
740,Giovanna,Romayn,gromaynkj@seattletimes.com,Female,106.120.19.85
741,Becka,Yurin,byurinkk@cafepress.com,Female,202.214.222.86
742,Tine,Yakebovich,tyakebovichkl@w3.org,Female,13.67.139.37
743,Aland,Eppson,aeppsonkm@vk.com,Male,200.60.171.235
744,Jori,Hugonet,jhugonetkn@hibu.com,Female,115.30.232.211
745,Pedro,Wince,pwinceko@dedecms.com,Male,239.71.147.20
746,Melvin,Litzmann,mlitzmannkp@arizona.edu,Male,75.56.148.138
747,Tine,Riglesford,triglesfordkq@jimdo.com,Female,232.110.205.92
748,Elie,Vogelein,evogeleinkr@weather.com,Female,33.69.11.14
749,Robbi,McGilvary,rmcgilvaryks@youtube.com,Female,198.92.94.23
750,Arleta,Stillwell,astillwellkt@ftc.gov,Female,242.184.119.176
751,Aurelea,Fawssett,afawssettku@archive.org,Female,160.195.219.238
752,Rivalee,Norgan,rnorgankv@time.com,Female,136.198.233.63
753,Vernor,Fright,vfrightkw@usda.gov,Male,220.96.235.234
754,Charlene,Fanstone,cfanstonekx@canalblog.com,Female,65.47.215.47
755,Garth,Knights,gknightsky@google.pl,Male,74.165.88.151
756,Gaven,Bondy,gbondykz@bbb.org,Male,239.232.230.56
757,Eldon,Bowie,ebowiel0@businesswire.com,Male,152.75.164.37
758,Nell,Sokale,nsokalel1@mapquest.com,Female,185.182.72.133
759,Jill,Flaxman,jflaxmanl2@stanford.edu,Female,250.18.214.186
760,Chickie,Down,cdownl3@skyrock.com,Male,192.182.96.157
761,Regine,Matveyev,rmatveyevl4@gizmodo.com,Female,88.164.40.141
762,Cale,Conachy,cconachyl5@mediafire.com,Male,178.9.219.146
763,Lorant,Heinish,lheinishl6@jalbum.net,Male,221.241.213.10
764,Allen,MacGillespie,amacgillespiel7@desdev.cn,Male,12.54.211.41
765,Felicia,Curnnokk,fcurnnokkl8@mac.com,Female,191.252.192.242
766,Meagan,Dionisii,mdionisiil9@eepurl.com,Female,107.65.24.140
767,Burtie,Orton,bortonla@purevolume.com,Male,3.23.59.223
768,Saidee,Stedson,sstedsonlb@tuttocitta.it,Female,203.74.240.155
769,Virginia,Huws,vhuwslc@loc.gov,Female,144.47.87.97
770,Orv,Gonthier,ogonthierld@furl.net,Male,43.86.113.167
771,Vince,Domney,vdomneyle@reverbnation.com,Male,153.250.209.138
772,Evered,Ream,ereamlf@nba.com,Male,126.175.39.243
773,Justin,Sabatini,jsabatinilg@pcworld.com,Male,14.78.94.141
774,Mannie,Ilson,milsonlh@ox.ac.uk,Male,223.189.218.154
775,Sadella,Lockton,slocktonli@comcast.net,Female,159.170.197.136
776,Brooke,Eilles,beilleslj@cam.ac.uk,Male,35.66.197.176
777,Remington,Sharphouse,rsharphouselk@google.ru,Male,131.130.117.189
778,Danica,Learoyd,dlearoydll@si.edu,Female,13.204.104.44
779,Bartolemo,Betho,bbetholm@google.pl,Male,33.45.151.116
780,Ynez,Sommerlin,ysommerlinln@intel.com,Female,104.177.88.234
781,Theda,Druhan,tdruhanlo@dailymail.co.uk,Female,71.183.161.56
782,Arlyne,Gomm,agommlp@umn.edu,Female,138.250.166.211
783,Xena,Pickup,xpickuplq@biblegateway.com,Female,156.125.101.169
784,Arlyne,Sodo,asodolr@edublogs.org,Female,233.27.104.85
785,Reube,World,rworldls@infoseek.co.jp,Male,153.6.193.33
786,Aloysius,Langston,alangstonlt@hostgator.com,Male,123.25.161.95
787,Marlon,Powderham,mpowderhamlu@cbslocal.com,Male,116.146.7.150
788,Tab,Ellacott,tellacottlv@illinois.edu,Male,14.181.25.41
789,Kelli,Tunnacliffe,ktunnacliffelw@woothemes.com,Female,46.50.173.250
790,Dame,Headland,dheadlandlx@cbc.ca,Male,53.54.141.199
791,Amaleta,Hartland,ahartlandly@stumbleupon.com,Female,210.197.52.167
792,Bucky,Snooks,bsnookslz@tamu.edu,Male,78.17.27.135
793,Stavro,McCurley,smccurleym0@nationalgeographic.com,Male,156.252.100.93
794,Lewes,Battelle,lbattellem1@cargocollective.com,Male,8.1.238.157
795,Sigvard,Wilsher,swilsherm2@paginegialle.it,Male,58.250.83.5
796,Saidee,Sibbs,ssibbsm3@sakura.ne.jp,Female,254.191.112.25
797,Ruben,Rospars,rrosparsm4@berkeley.edu,Male,97.56.194.248
798,Roxine,Castenda,rcastendam5@who.int,Female,123.15.237.154
799,Edita,Bendel,ebendelm6@businesswire.com,Female,203.130.154.9
800,Burch,Roddick,broddickm7@yandex.ru,Male,7.132.118.41
801,Drew,Bohike,dbohikem8@abc.net.au,Male,54.32.241.217
802,Ernest,Handford,ehandfordm9@opera.com,Male,221.16.38.137
803,Joellen,Javes,jjavesma@g.co,Female,57.144.151.229
804,Marney,Balk,mbalkmb@fema.gov,Female,16.142.31.7
805,Kilian,Gini,kginimc@tumblr.com,Male,139.210.196.169
806,Aloisia,Lightewood,alightewoodmd@goo.ne.jp,Female,100.245.188.79
807,Sherm,Rosendall,srosendallme@bbc.co.uk,Male,5.237.108.174
808,Stavro,Aldcorn,saldcornmf@unblog.fr,Male,83.232.49.11
809,Bevin,Gronauer,bgronauermg@icio.us,Male,192.78.153.88
810,Brand,Hedden,bheddenmh@sun.com,Male,140.80.176.147
811,Kristofer,Bossom,kbossommi@craigslist.org,Male,47.203.78.169
812,Boy,Shurmer,bshurmermj@w3.org,Male,152.194.85.8
813,Kain,Witcombe,kwitcombemk@oaic.gov.au,Male,197.174.62.18
814,Vitia,Eick,veickml@squarespace.com,Female,210.218.70.255
815,Raphael,Sherwin,rsherwinmm@quantcast.com,Male,129.109.0.124
816,Rab,Wormald,rwormaldmn@ucoz.ru,Male,152.6.85.180
817,Kesley,Wickwar,kwickwarmo@typepad.com,Female,44.81.12.14
818,Egon,Spivie,espiviemp@auda.org.au,Male,65.72.144.176
819,Beilul,Malthouse,bmalthousemq@economist.com,Female,42.160.119.211
820,Nevins,Goddert.sf,ngoddertsfmr@google.pl,Male,113.145.190.18
821,Jacquenetta,Ilyenko,jilyenkoms@opensource.org,Female,115.192.36.41
822,Theodoric,Iliffe,tiliffemt@omniture.com,Male,217.130.32.198
823,Billi,Du Fray,bdufraymu@blog.com,Female,233.214.94.255
824,Currey,Romeo,cromeomv@nytimes.com,Male,242.185.219.38
825,Joel,Hindenberger,jhindenbergermw@oakley.com,Male,241.122.131.209
826,Welch,Applebee,wapplebeemx@yahoo.com,Male,95.154.249.219
827,Rafi,Slinn,rslinnmy@godaddy.com,Male,156.121.219.158
828,Kamila,Veighey,kveigheymz@abc.net.au,Female,219.225.30.146
829,Tallulah,Ibarra,tibarran0@scribd.com,Female,86.127.40.167
830,Georgia,DelaField,gdelafieldn1@berkeley.edu,Female,140.70.156.236
831,Skyler,St. Hill,ssthilln2@scribd.com,Male,116.88.114.81
832,Haily,Tyrone,htyronen3@360.cn,Male,17.208.172.254
833,Yasmeen,Di Lucia,ydilucian4@archive.org,Female,109.204.136.190
834,Rochette,Toon,rtoonn5@upenn.edu,Female,232.17.139.77
835,Tomasina,Liebrecht,tliebrechtn6@wunderground.com,Female,110.93.190.199
836,Livia,Swatheridge,lswatheridgen7@simplemachines.org,Female,156.221.12.151
837,Madelene,Goare,mgoaren8@dagondesign.com,Female,216.19.214.93
838,Cortney,Husset,chussetn9@mozilla.com,Female,152.175.168.113
839,Noel,Daughtrey,ndaughtreyna@skype.com,Male,58.40.104.240
840,Keenan,Maybey,kmaybeynb@edublogs.org,Male,49.191.14.28
841,Glyn,Papis,gpapisnc@deviantart.com,Male,250.164.246.248
842,Alexei,Spohr,aspohrnd@nyu.edu,Male,172.55.68.223
843,Lockwood,d' Elboux,ldelbouxne@yellowbook.com,Male,228.21.116.245
844,Raphaela,Brazener,rbrazenernf@gnu.org,Female,139.232.93.179
845,Carol-jean,Neeson,cneesonng@howstuffworks.com,Female,16.36.149.207
846,Natasha,Sapshed,nsapshednh@google.com.au,Female,4.193.253.220
847,Vincent,Corbridge,vcorbridgeni@stumbleupon.com,Male,59.137.112.229
848,Flori,Martynov,fmartynovnj@flickr.com,Female,173.46.47.180
849,Mylo,Fairholme,mfairholmenk@forbes.com,Male,222.255.251.21
850,Winn,Torresi,wtorresinl@spotify.com,Male,214.71.196.219
851,Reinaldos,Hayselden,rhayseldennm@fastcompany.com,Male,143.192.88.63
852,Chloette,Heart,cheartnn@about.com,Female,20.23.63.198
853,Brena,Tytterton,btyttertonno@cam.ac.uk,Female,194.65.101.122
854,Tuck,Raubenheimer,traubenheimernp@sohu.com,Male,40.160.162.71
855,Nessi,Hebbron,nhebbronnq@paypal.com,Female,224.123.80.179
856,Sully,Hughes,shughesnr@slashdot.org,Male,35.59.240.249
857,Derry,Ethersey,detherseyns@google.it,Male,185.216.63.38
858,Larry,Petyanin,lpetyaninnt@zdnet.com,Male,182.229.103.8
859,Lion,Chesney,lchesneynu@ycombinator.com,Male,7.204.80.51
860,Talbot,Winwood,twinwoodnv@ucoz.ru,Male,42.32.223.79
861,Carmen,Haythorn,chaythornnw@nytimes.com,Female,87.105.123.113
862,Ronnie,Odeson,rodesonnx@mapquest.com,Female,170.83.213.186
863,Zenia,Kristof,zkristofny@cdbaby.com,Female,87.57.88.254
864,Sanson,Hunn,shunnnz@google.com.hk,Male,49.173.168.194
865,Ashlen,Buxton,abuxtono0@cloudflare.com,Female,92.167.206.41
866,Antonius,Caldron,acaldrono1@123-reg.co.uk,Male,59.5.21.234
867,Carolina,Ackhurst,cackhursto2@berkeley.edu,Female,47.148.70.251
868,Dot,Tincombe,dtincombeo3@discuz.net,Female,239.30.113.239
869,Barbey,Colebourn,bcolebourno4@dailymail.co.uk,Female,69.37.164.241
870,Marcy,Asp,maspo5@desdev.cn,Female,115.77.60.17
871,Constancia,Stocker,cstockero6@cdbaby.com,Female,7.182.181.8
872,Edgar,Baudi,ebaudio7@php.net,Male,80.73.200.45
873,Kendricks,Melan,kmelano8@drupal.org,Male,191.179.255.183
874,Emerson,Gouch,egoucho9@noaa.gov,Male,104.170.25.86
875,Zared,Mellers,zmellersoa@fastcompany.com,Male,45.118.88.225
876,Ofilia,Cowitz,ocowitzob@wired.com,Female,140.233.110.220
877,Erina,Gonnin,egonninoc@chronoengine.com,Female,172.233.156.111
878,Augie,Karpinski,akarpinskiod@sourceforge.net,Male,61.15.181.39
879,Vitia,Pinwill,vpinwilloe@elpais.com,Female,109.74.175.73
880,Shantee,Kainz,skainzof@youku.com,Female,161.222.127.90
881,Jillana,Westphalen,jwestphalenog@hostgator.com,Female,78.189.50.224
882,Brendan,Olivia,boliviaoh@cbc.ca,Male,200.25.41.115
883,Phil,Feldon,pfeldonoi@cargocollective.com,Female,146.30.200.207
884,Tore,Houldin,thouldinoj@mayoclinic.com,Male,37.24.175.93
885,Virgie,Oade,voadeok@google.es,Female,40.89.96.104
886,Pepe,Winskill,pwinskillol@cisco.com,Male,125.98.168.186
887,Reinhold,Lansdale,rlansdaleom@squarespace.com,Male,72.190.35.218
888,Larine,Yitzhak,lyitzhakon@vistaprint.com,Female,101.81.60.197
889,Eydie,Bohden,ebohdenoo@biglobe.ne.jp,Female,188.238.237.141
890,Fielding,Topp,ftoppop@comsenz.com,Male,168.5.197.236
891,Loralyn,Hollier,lhollieroq@twitter.com,Female,134.191.128.235
892,Aleen,Bagnal,abagnalor@psu.edu,Female,98.204.216.78
893,Bertrand,Dowd,bdowdos@ameblo.jp,Male,65.216.66.10
894,Pasquale,Gilchriest,pgilchriestot@acquirethisname.com,Male,128.3.182.118
895,Daloris,Antunez,dantunezou@bizjournals.com,Female,241.251.24.202
896,Melanie,Neicho,mneichoov@si.edu,Female,238.134.220.55
897,Marj,Phebee,mphebeeow@mlb.com,Female,75.158.108.93
898,Bourke,Sherreard,bsherreardox@abc.net.au,Male,9.11.120.156
899,Lilly,Keller,lkelleroy@geocities.jp,Female,65.132.45.207
900,Mara,McDuffie,mmcduffieoz@dagondesign.com,Female,227.254.129.25
901,Sydney,Coonan,scoonanp0@google.es,Female,31.120.91.97
902,Cathleen,Dimond,cdimondp1@networksolutions.com,Female,144.167.43.33
903,Christine,McClenaghan,cmcclenaghanp2@hibu.com,Female,10.178.249.152
904,Onfroi,Jouning,ojouningp3@furl.net,Male,221.73.61.110
905,Gloriane,Shackel,gshackelp4@photobucket.com,Female,175.239.197.106
906,Shirlene,Binch,sbinchp5@blogs.com,Female,12.206.232.224
907,Benedicta,Pfeifer,bpfeiferp6@mediafire.com,Female,14.193.194.136
908,Shellysheldon,Bedell,sbedellp7@a8.net,Male,193.139.109.184
909,Avie,Bodycote,abodycotep8@accuweather.com,Female,254.181.50.174
910,Quincy,Phette,qphettep9@go.com,Male,176.145.193.57
911,Zelda,Gilcrist,zgilcristpa@nymag.com,Female,50.96.34.250
912,Arnold,Rielly,ariellypb@cnn.com,Male,16.122.68.186
913,Russ,Loyndon,rloyndonpc@sourceforge.net,Male,211.142.213.144
914,Ki,Ricard,kricardpd@ifeng.com,Female,165.191.78.48
915,Alaster,Alejandre,aalejandrepe@artisteer.com,Male,128.47.91.127
916,Micah,Tarrant,mtarrantpf@archive.org,Male,62.97.55.33
917,Bonny,Cave,bcavepg@csmonitor.com,Female,13.184.185.204
918,Rodi,Caine,rcaineph@multiply.com,Female,126.78.62.156
919,Dore,Urridge,durridgepi@thetimes.co.uk,Female,124.16.52.82
920,Annamaria,Breston,abrestonpj@amazon.co.uk,Female,250.12.122.114
921,Paolina,Johannes,pjohannespk@twitter.com,Female,4.171.240.173
922,Gabriell,Husthwaite,ghusthwaitepl@cnbc.com,Female,180.148.218.7
923,Astrix,Bernetti,abernettipm@mit.edu,Female,30.150.20.136
924,Nobie,Milan,nmilanpn@seattletimes.com,Male,206.240.193.197
925,Karrie,Duester,kduesterpo@instagram.com,Female,7.92.218.203
926,Ashli,Stickney,astickneypp@soundcloud.com,Female,181.210.43.235
927,Engelbert,Rappa,erappapq@123-reg.co.uk,Male,159.102.172.26
928,Henri,Giamuzzo,hgiamuzzopr@g.co,Male,64.132.222.60
929,Aile,Meneghi,ameneghips@china.com.cn,Female,57.77.65.40
930,Benton,Cakebread,bcakebreadpt@dyndns.org,Male,124.34.223.162
931,Nananne,Hawksley,nhawksleypu@noaa.gov,Female,142.103.46.150
932,Constancy,Clearie,ccleariepv@columbia.edu,Female,174.15.124.238
933,Ennis,Field,efieldpw@photobucket.com,Male,78.243.111.221
934,Nanon,Aisman,naismanpx@clickbank.net,Female,168.8.174.177
935,Stacy,Zorener,szorenerpy@reference.com,Female,60.150.124.61
936,Vanya,Stuffins,vstuffinspz@bloomberg.com,Female,239.79.124.184
937,Corrie,Goodinson,cgoodinsonq0@mapquest.com,Female,70.189.63.3
938,Teena,Lapham,tlaphamq1@yellowpages.com,Female,90.244.171.60
939,Tory,Braunroth,tbraunrothq2@smugmug.com,Female,168.249.97.111
940,Esma,Peet,epeetq3@mysql.com,Female,163.171.80.181
941,Melinde,Sayers,msayersq4@ycombinator.com,Female,108.211.226.129
942,Marten,Creffeild,mcreffeildq5@latimes.com,Male,26.127.12.140
943,Gerhardine,Bradman,gbradmanq6@nationalgeographic.com,Female,7.126.164.208
944,Perry,Clemmett,pclemmettq7@com.com,Female,251.231.235.50
945,Veradis,Wilder,vwilderq8@mail.ru,Female,167.26.202.150
946,Denys,McNickle,dmcnickleq9@soup.io,Male,11.251.210.227
947,Danella,Redpath,dredpathqa@trellian.com,Female,101.78.255.216
948,Lynnett,MacLucais,lmaclucaisqb@wufoo.com,Female,47.196.116.43
949,Lurette,Kubacki,lkubackiqc@hao123.com,Female,135.4.217.71
950,Finley,Rous,frousqd@ifeng.com,Male,5.38.95.74
951,Carolus,Rosa,crosaqe@deviantart.com,Male,48.189.82.65
952,Georgeta,Hadrill,ghadrillqf@nih.gov,Female,180.71.91.242
953,Germain,Bapty,gbaptyqg@com.com,Female,158.199.55.146
954,Simonne,Newlove,snewloveqh@si.edu,Female,57.238.252.88
955,Daryle,Gerbel,dgerbelqi@miibeian.gov.cn,Male,180.53.62.209
956,Virgilio,Burgis,vburgisqj@booking.com,Male,171.158.149.13
957,Mill,Swalwel,mswalwelqk@weebly.com,Male,185.47.123.110
958,Eddy,McSparran,emcsparranql@vkontakte.ru,Male,127.153.142.188
959,Hobart,Extance,hextanceqm@jalbum.net,Male,68.7.203.38
960,Konrad,Bourdon,kbourdonqn@washington.edu,Male,92.97.13.56
961,Carolan,Corkell,ccorkellqo@arstechnica.com,Female,74.78.161.132
962,Diego,Delatour,ddelatourqp@e-recht24.de,Male,130.156.181.170
963,Sibelle,Oleshunin,soleshuninqq@geocities.jp,Female,196.45.178.238
964,Jason,Lowater,jlowaterqr@blogger.com,Male,31.20.125.166
965,Nolly,Berresford,nberresfordqs@google.de,Male,193.130.220.117
966,Barbaraanne,Bineham,bbinehamqt@friendfeed.com,Female,114.108.247.193
967,Linc,Cassar,lcassarqu@narod.ru,Male,162.92.41.189
968,Jeffry,Swalough,jswaloughqv@army.mil,Male,195.139.39.121
969,Alene,Owenson,aowensonqw@infoseek.co.jp,Female,38.210.150.207
970,Wilhelmina,Edmund,wedmundqx@clickbank.net,Female,52.194.169.188
971,Lillian,Cammock,lcammockqy@imgur.com,Female,172.12.238.8
972,Min,Osborn,mosbornqz@devhub.com,Female,196.64.98.115
973,Alexine,Rumgay,arumgayr0@latimes.com,Female,228.174.138.99
974,Aveline,Tregoning,atregoningr1@google.ca,Female,42.150.134.243
975,Sarine,Blamphin,sblamphinr2@eventbrite.com,Female,120.151.38.189
976,Rhody,Roskams,rroskamsr3@ca.gov,Female,248.90.62.39
977,Hilly,Casolla,hcasollar4@reddit.com,Male,188.119.87.253
978,Kelsey,Pigrome,kpigromer5@mozilla.com,Male,118.228.205.70
979,Thorpe,Bullock,tbullockr6@issuu.com,Male,48.114.118.236
980,Leon,Scarce,lscarcer7@bigcartel.com,Male,253.69.233.245
981,Jonas,Cheale,jchealer8@disqus.com,Male,228.221.159.116
982,Thorin,Mizzi,tmizzir9@histats.com,Male,120.0.69.10
983,Cathleen,O'Corr,cocorrra@europa.eu,Female,217.165.89.75
984,Letti,Hallitt,lhallittrb@shareasale.com,Female,125.205.147.245
985,Cristi,Brome,cbromerc@nasa.gov,Female,224.199.204.156
986,Francois,Hubbart,fhubbartrd@tumblr.com,Male,4.146.239.6
987,Shell,Redgrove,sredgrovere@slideshare.net,Male,177.175.51.43
988,Justin,Happert,jhappertrf@ucla.edu,Male,66.94.19.133
989,Margie,Hartop,mhartoprg@gravatar.com,Female,192.35.145.5
990,Abbott,Ruppert,aruppertrh@simplemachines.org,Male,222.152.218.229
991,Hugo,Renfield,hrenfieldri@jalbum.net,Male,199.154.220.128
992,Birgitta,Allicock,ballicockrj@yelp.com,Female,137.162.3.252
993,Hymie,Amberg,hambergrk@clickbank.net,Male,16.184.110.122
994,Denys,Kebell,dkebellrl@springer.com,Female,214.136.36.94
995,Tersina,Plumbridge,tplumbridgerm@disqus.com,Female,71.116.201.127
996,Vilhelmina,Lemary,vlemaryrn@friendfeed.com,Female,20.167.217.104
997,Davey,Lammerich,dlammerichro@angelfire.com,Male,162.47.152.227
998,Joey,Shetliff,jshetliffrp@ow.ly,Male,141.129.130.184
999,Dorolice,Fley,dfleyrq@icq.com,Female,229.53.71.183
1000,Barbey,Woolner,bwoolnerrr@webs.com,Female,140.80.40.47
